date,vegetables_cpi
1994-01,25.1065465079535
1994-02,23.3269637094971
1994-03,22.4612207264642
1994-04,22.1726397321199
1994-05,22.1245428997292
1994-06,22.6055112236363
1994-07,23.2788668771063
1994-08,24.7698686812185
1994-09,24.1927066925299
1994-10,24.2408035249207
1994-11,24.1927066925299
1994-12,23.3750605418878
1995-01,23.9522225305764
1995-02,23.4712542066692
1995-03,22.7017048884178
1995-04,22.653608056027
1995-05,23.7117383686228
1995-06,24.5293845192649
1995-07,24.4812876868742
1995-08,24.6255781840464
1995-09,24.7217718488278
1995-10,26.1165799881586
1995-11,27.55948495988
1995-12,28.5695184400851
1996-01,29.3871645907272
1996-02,28.3771311105222
1996-03,27.5113881274893
1996-04,27.1747103007543
1996-05,26.88612930641
1996-06,27.3670976303172
1996-07,27.3190007979265
1996-08,30.4933917357137
1996-09,29.1947772611644
1996-10,29.6276487526808
1996-11,29.8681329146344
1996-12,30.8300695624487
1997-01,30.3010044061508
1997-02,29.2428740935551
1997-03,29.3871645907272
1997-04,28.3290342781315
1997-05,28.4733247753036
1997-06,30.0124234118065
1997-07,29.771939249853
1997-08,29.7238424174622
1997-09,30.3971980709323
1997-10,30.4933917357137
1997-11,30.9743600596208
1997-12,31.0705537244023
1998-01,30.6376822328858
1998-02,30.6857790652765
1998-03,30.8300695624487
1998-04,32.3210713665609
1998-05,35.2549781423945
1998-06,38.6698532421353
1998-07,38.9103374040889
1998-08,37.034560940851
1998-09,35.5916559691295
1998-10,37.4674324323674
1998-11,44.1528921346769
1998-12,44.5857636261934
1999-01,48.0006387259342
1999-02,44.2009889670676
1999-03,38.717950074526
1999-04,36.6016894493346
1999-05,36.1688179578181
1999-06,36.024527460646
1999-07,36.024527460646
1999-08,37.3231419351953
1999-09,38.6698532421353
1999-10,38.7660469069168
1999-11,38.6698532421353
1999-12,37.8041102591024
2000-01,40.4494360405918
2000-02,39.6317898899496
2000-03,38.6217564097446
2000-04,38.5736595773539
2000-05,38.3331754154003
2000-06,38.2850785830096
2000-07,38.9584342364796
2000-08,40.4013392082011
2000-09,39.4394025603868
2000-10,39.9203708842939
2000-11,44.3933762966305
2000-12,44.9224414529284
2001-01,45.3553129444448
2001-02,42.9023744925183
2001-03,40.4975328729825
2001-04,39.2951120632146
2001-05,40.1608550462475
2001-06,41.0265980292804
2001-07,41.8923410123133
2001-08,40.7380170349361
2001-09,41.267082191234
2001-10,41.5556631855783
2001-11,42.0366315094854
2001-12,42.4695030010019
2002-01,42.2290188390483
2002-02,39.6798867223404
2002-03,39.7279835547311
2002-04,39.4394025603868
2002-05,39.2470152308239
2002-06,40.2570487110289
2002-07,41.7480505151411
2002-08,42.950471324909
2002-09,40.7861138673268
2002-10,40.5456297053732
2002-11,40.0165645490754
2002-12,39.7760803871218
2003-01,39.8241772195125
2003-02,39.3913057279961
2003-03,38.7660469069168
2003-04,38.381272247791
2003-05,39.1027247336518
2003-06,42.2290188390483
2003-07,42.0847283418761
2003-08,41.267082191234
2003-09,40.6418233701547
2003-10,40.2089518786382
2003-11,40.9785011968897
2003-12,41.1227916940618
2004-01,40.930404364499
2004-02,39.6317898899496
2004-03,39.2470152308239
2004-04,38.6217564097446
2004-05,39.2951120632146
2004-06,41.0265980292804
2004-07,42.9023744925183
2004-08,42.950471324909
2004-09,43.7200206431605
2004-10,44.0086016375048
2004-11,43.4314396488162
2004-12,45.1629256148819
2005-01,45.2110224472727
2005-02,43.9124079727233
2005-03,42.3733093362204
2005-04,41.603760017969
2005-05,41.5556631855783
2005-06,42.5656966657833
2005-07,42.9023744925183
2005-08,43.6719238107698
2005-09,44.6338604585841
2005-10,46.172959095087
2005-11,46.509636921822
2005-12,46.8944115809477
2006-01,47.6639608991991
2006-02,47.3753799048549
2006-03,46.509636921822
2006-04,46.3653464246498
2006-05,46.7982179161663
2006-06,47.1348957429013
2006-07,47.2791862400734
2006-08,49.1068658709206
2006-09,48.193026055497
2006-10,50.3092866806885
2006-11,50.6459645074235
2006-12,49.7321246919999
2007-01,50.2130930159071
2007-02,48.6258975470135
2007-03,47.0387020781198
2007-04,46.8944115809477
2007-05,47.3272830724641
2007-06,48.4816070498413
2007-07,48.7220912117949
2007-08,48.4335102174506
2007-09,48.9144785413578
2007-10,50.0207056863442
2007-11,51.1269328313307
2007-12,53.9646459423829
2008-01,55.9366160704022
2008-02,54.5899047634622
2008-03,52.2812568087078
2008-04,50.8383518369864
2008-05,52.9546124621779
2008-06,55.1189699197601
2008-07,56.1771002323558
2008-08,56.658068556263
2008-09,57.331424209733
2008-10,57.331424209733
2008-11,57.0428432153887
2008-12,57.0909400477794
2009-01,56.7542622210444
2009-02,56.321390729528
2009-03,55.4556477464951
2009-04,55.0708730873693
2009-05,56.4656812267001
2009-06,57.1871337125608
2009-07,57.2352305449516
2009-08,57.4276178745144
2009-09,59.2072006729709
2009-10,65.0269173922475
2009-11,67.5279526765647
2009-12,65.4116920513732
2010-01,62.1411074488045
2010-02,59.688168996878
2010-03,57.2833273773423
2010-04,57.3795210421237
2010-05,58.3895545223287
2010-06,59.6400721644873
2010-07,60.4577183151295
2010-08,61.5158486277252
2010-09,60.7462993094738
2010-10,60.5058151475202
2010-11,65.3154983865918
2010-12,64.7383363979032
2011-01,66.2774350344061
2011-02,69.8846974637097
2011-03,67.7203400061275
2011-04,65.9407572076711
2011-05,65.1231110570289
2011-06,65.1712078894196
2011-07,66.9026938554854
2011-08,66.3255318667968
2011-09,67.2393716822204
2011-10,72.5300232451991
2011-11,74.742477535172
2011-12,72.5781200775898
2012-01,71.0363761153054
2012-02,66.7810569663693
2012-03,64.7906657515443
2012-04,64.9965682910089
2012-05,64.4474948524365
2012-06,65.8201784488675
2012-07,66.9869595058339
2012-08,71.5854495538778
2012-09,74.1249142072752
2012-10,72.8894989704873
2012-11,71.2422786547701
2012-12,68.9087165408374
2013-01,68.6341798215511
2013-02,68.0851063829787
2013-03,66.9183253260124
2013-04,67.3301304049417
2013-05,67.9478380233356
2013-06,69.8009608785175
2013-07,69.8009608785175
2013-08,69.0459849004804
2013-09,71.2422786547701
2013-10,73.3699382292382
2013-11,74.6053534660261
2013-12,75.4975978037062
2014-01,76.5271105010295
2014-02,75.5662319835278
2014-03,71.7913520933425
2014-04,71.2422786547701
2014-05,71.2422786547701
2014-06,74.8798901853123
2014-07,78.0370624571036
2014-08,78.1743308167468
2014-09,77.213452299245
2014-10,76.9389155799588
2014-11,76.458476321208
2014-12,75.4975978037062
2015-01,77.6252573781743
2015-02,75.0857927247769
2015-03,73.1640356897735
2015-04,73.6444749485244
2015-05,74.5367192862045
2015-06,74.8112560054907
2015-07,77.4879890185312
2015-08,80.2333562113933
2015-09,79.2724776938916
2015-10,79.4783802333562
2015-11,85.5181880576527
2015-12,84.6945778997941
2016-01,86.9595058339053
2016-02,83.0473575840769
2016-03,80.2333562113933
2016-04,80.7824296499657
2016-05,84.1455044612217
2016-06,86.9595058339053
2016-07,87.1654083733699
2016-08,85.3809196980096
2016-09,87.3713109128346
2016-10,89.0185312285518
2016-11,94.7151681537406
2016-12,94.1660947151681
2017-01,94.5778997940975
2017-02,92.9993136582018
2017-03,88.1949210706932
2017-04,86.6849691146191
2017-05,85.8613589567605
2017-06,87.4399450926562
2017-07,86.4104323953329
2017-08,88.2635552505148
2017-09,91.901166781057
2017-10,93.891557995882
2017-11,95.1269732326699
2017-12,94.8524365133837
2018-01,98.1
2018-02,94.8
2018-03,91.5
2018-04,91.1
2018-05,89.9
2018-06,93.0
2018-07,100.7
2018-08,107.7
2018-09,115.1
2018-10,108.7
2018-11,107.1
2018-12,102.1
2019-01,101.7
2019-02,97.7
2019-03,93.9
2019-04,95.3
2019-05,100.3
2019-06,102.8
2019-07,102.5
2019-08,102.3
2019-09,105.3
2019-10,108.4
2019-11,107.5
2019-12,114.8
2020-01,116.9
2020-02,111.4
2020-03,106.5
2020-04,111.4
2020-05,111.9
2020-06,107.3
2020-07,102.3
2020-08,101.6
2020-09,102.7
2020-10,109.9
2020-11,132.7
2020-12,143.4
2021-01,147.6
2021-02,131.1
2021-03,114.5
2021-04,105.6
2021-05,101.5
2021-06,103.8
2021-07,110.4
2021-08,123.0
2021-09,120.7
2021-10,121.0
2021-11,122.2
2021-12,121.8
2022-01,131.6
2022-02,120.1
2022-03,114.4
2022-04,115.3
2022-05,116.9
2022-06,118.7
2022-07,116.6
2022-08,119.7
2022-09,124.9
2022-10,140.3
2022-11,153.7
2022-12,161.3
2023-01,181.4
2023-02,159.8
2023-03,137.3
2023-04,126.8
2023-05,131.6
2023-06,133.8
2023-07,142.0
2023-08,157.9
2023-09,161.9
2023-10,157.0
2023-11,150.7
2023-12,146.5
2024-01,143.6
2024-02,142.3
2024-03,133.9
2024-04,132.3
2024-05,135.1
2024-06,143.4
2024-07,150.6
2024-08,151.1
2024-09,136.4
2024-10,142.5
2024-11,159.6
2024-12,167.3
2025-01,173.9
2025-02,152.4
2025-03,143.1
2025-04,135.4
2025-05,139.7
2025-06,139.4
2025-07,143.5
2025-08,166.2
2025-09,162.8
2025-10,165.9
2025-11,166.0
2025-12,186.7
2026-01,179.6
2026-02,161.7
2026-03,153.1
2026-04,149.5
2026-05,148.3
2026-06,152.0
2026-07,155.6
